Date_reported;Country_code;Country;WHO_region;New_cases;Cumulative_cases;New_deaths;Cumulative_deaths
3/01/2020;FR;France;EURO;0;0;0;0
4/01/2020;FR;France;EURO;0;0;0;0
5/01/2020;FR;France;EURO;0;0;0;0
6/01/2020;FR;France;EURO;0;0;0;0
7/01/2020;FR;France;EURO;0;0;0;0
8/01/2020;FR;France;EURO;0;0;0;0
9/01/2020;FR;France;EURO;0;0;0;0
10/01/2020;FR;France;EURO;0;0;0;0
11/01/2020;FR;France;EURO;0;0;0;0
12/01/2020;FR;France;EURO;0;0;0;0
13/01/2020;FR;France;EURO;0;0;0;0
14/01/2020;FR;France;EURO;0;0;0;0
15/01/2020;FR;France;EURO;0;0;0;0
16/01/2020;FR;France;EURO;0;0;0;0
17/01/2020;FR;France;EURO;0;0;0;0
18/01/2020;FR;France;EURO;0;0;0;0
19/01/2020;FR;France;EURO;0;0;0;0
20/01/2020;FR;France;EURO;0;0;0;0
21/01/2020;FR;France;EURO;0;0;0;0
22/01/2020;FR;France;EURO;0;0;0;0
23/01/2020;FR;France;EURO;0;0;0;0
24/01/2020;FR;France;EURO;0;0;0;0
25/01/2020;FR;France;EURO;0;0;0;0
26/01/2020;FR;France;EURO;3;3;0;0
27/01/2020;FR;France;EURO;0;3;0;0
28/01/2020;FR;France;EURO;0;3;0;0
29/01/2020;FR;France;EURO;0;3;0;0
30/01/2020;FR;France;EURO;0;3;0;0
31/01/2020;FR;France;EURO;0;3;0;0
1/02/2020;FR;France;EURO;0;3;0;0
2/02/2020;FR;France;EURO;3;6;0;0
3/02/2020;FR;France;EURO;0;6;0;0
4/02/2020;FR;France;EURO;0;6;0;0
5/02/2020;FR;France;EURO;0;6;0;0
6/02/2020;FR;France;EURO;0;6;0;0
7/02/2020;FR;France;EURO;0;6;0;0
8/02/2020;FR;France;EURO;0;6;0;0
9/02/2020;FR;France;EURO;6;12;0;0
10/02/2020;FR;France;EURO;0;12;0;0
11/02/2020;FR;France;EURO;0;12;0;0
12/02/2020;FR;France;EURO;0;12;0;0
13/02/2020;FR;France;EURO;0;12;0;0
14/02/2020;FR;France;EURO;0;12;0;0
15/02/2020;FR;France;EURO;0;12;0;0
16/02/2020;FR;France;EURO;0;12;0;0
17/02/2020;FR;France;EURO;0;12;0;0
18/02/2020;FR;France;EURO;0;12;0;0
19/02/2020;FR;France;EURO;0;12;0;0
20/02/2020;FR;France;EURO;0;12;0;0
21/02/2020;FR;France;EURO;0;12;0;0
22/02/2020;FR;France;EURO;0;12;0;0
23/02/2020;FR;France;EURO;4;16;0;0
24/02/2020;FR;France;EURO;0;16;0;0
25/02/2020;FR;France;EURO;0;16;0;0
26/02/2020;FR;France;EURO;0;16;0;0
27/02/2020;FR;France;EURO;0;16;0;0
28/02/2020;FR;France;EURO;0;16;0;0
29/02/2020;FR;France;EURO;0;16;0;0
1/03/2020;FR;France;EURO;0;16;0;0
2/03/2020;FR;France;EURO;0;16;0;0
3/03/2020;FR;France;EURO;0;16;0;0
4/03/2020;FR;France;EURO;0;16;0;0
5/03/2020;FR;France;EURO;0;16;0;0
6/03/2020;FR;France;EURO;0;16;0;0
7/03/2020;FR;France;EURO;0;16;0;0
8/03/2020;FR;France;EURO;0;16;0;0
9/03/2020;FR;France;EURO;0;16;0;0
10/03/2020;FR;France;EURO;0;16;0;0
11/03/2020;FR;France;EURO;0;16;0;0
12/03/2020;FR;France;EURO;0;16;0;0
13/03/2020;FR;France;EURO;0;16;0;0
14/03/2020;FR;France;EURO;0;16;0;0
15/03/2020;FR;France;EURO;0;16;43;43
16/03/2020;FR;France;EURO;0;16;0;43
17/03/2020;FR;France;EURO;0;16;0;43
18/03/2020;FR;France;EURO;0;16;0;43
19/03/2020;FR;France;EURO;0;16;0;43
20/03/2020;FR;France;EURO;0;16;0;43
21/03/2020;FR;France;EURO;0;16;0;43
22/03/2020;FR;France;EURO;0;16;670;713
23/03/2020;FR;France;EURO;0;16;0;713
24/03/2020;FR;France;EURO;0;16;0;713
25/03/2020;FR;France;EURO;0;16;0;713
26/03/2020;FR;France;EURO;0;16;0;713
27/03/2020;FR;France;EURO;0;16;0;713
28/03/2020;FR;France;EURO;0;16;0;713
29/03/2020;FR;France;EURO;0;16;1999;2712
30/03/2020;FR;France;EURO;0;16;0;2712
31/03/2020;FR;France;EURO;0;16;0;2712
1/04/2020;FR;France;EURO;0;16;0;2712
2/04/2020;FR;France;EURO;0;16;0;2712
3/04/2020;FR;France;EURO;0;16;0;2712
4/04/2020;FR;France;EURO;0;16;0;2712
5/04/2020;FR;France;EURO;0;16;3276;5988
6/04/2020;FR;France;EURO;0;16;0;5988
7/04/2020;FR;France;EURO;0;16;0;5988
8/04/2020;FR;France;EURO;0;16;0;5988
9/04/2020;FR;France;EURO;0;16;0;5988
10/04/2020;FR;France;EURO;0;16;0;5988
11/04/2020;FR;France;EURO;0;16;0;5988
12/04/2020;FR;France;EURO;0;16;3344;9332
13/04/2020;FR;France;EURO;0;16;0;9332
14/04/2020;FR;France;EURO;0;16;0;9332
15/04/2020;FR;France;EURO;0;16;0;9332
16/04/2020;FR;France;EURO;0;16;0;9332
17/04/2020;FR;France;EURO;0;16;0;9332
18/04/2020;FR;France;EURO;0;16;0;9332
19/04/2020;FR;France;EURO;0;16;2730;12062
20/04/2020;FR;France;EURO;0;16;0;12062
21/04/2020;FR;France;EURO;0;16;0;12062
22/04/2020;FR;France;EURO;0;16;0;12062
23/04/2020;FR;France;EURO;0;16;0;12062
24/04/2020;FR;France;EURO;0;16;0;12062
25/04/2020;FR;France;EURO;0;16;0;12062
26/04/2020;FR;France;EURO;0;16;2096;14158
27/04/2020;FR;France;EURO;0;16;0;14158
28/04/2020;FR;France;EURO;0;16;0;14158
29/04/2020;FR;France;EURO;0;16;0;14158
30/04/2020;FR;France;EURO;0;16;0;14158
1/05/2020;FR;France;EURO;0;16;0;14158
2/05/2020;FR;France;EURO;0;16;0;14158
3/05/2020;FR;France;EURO;0;16;1406;15564
4/05/2020;FR;France;EURO;0;16;0;15564
5/05/2020;FR;France;EURO;0;16;0;15564
6/05/2020;FR;France;EURO;0;16;0;15564
7/05/2020;FR;France;EURO;0;16;0;15564
8/05/2020;FR;France;EURO;0;16;0;15564
9/05/2020;FR;France;EURO;0;16;0;15564
10/05/2020;FR;France;EURO;0;16;1056;16620
11/05/2020;FR;France;EURO;0;16;0;16620
12/05/2020;FR;France;EURO;0;16;0;16620
13/05/2020;FR;France;EURO;0;16;0;16620
14/05/2020;FR;France;EURO;0;16;0;16620
15/05/2020;FR;France;EURO;0;16;0;16620
16/05/2020;FR;France;EURO;0;16;0;16620
17/05/2020;FR;France;EURO;677;693;810;17430
18/05/2020;FR;France;EURO;0;693;0;17430
19/05/2020;FR;France;EURO;0;693;0;17430
20/05/2020;FR;France;EURO;0;693;0;17430
21/05/2020;FR;France;EURO;0;693;0;17430
22/05/2020;FR;France;EURO;0;693;0;17430
23/05/2020;FR;France;EURO;0;693;0;17430
24/05/2020;FR;France;EURO;4340;5033;562;17992
25/05/2020;FR;France;EURO;0;5033;0;17992
26/05/2020;FR;France;EURO;0;5033;0;17992
27/05/2020;FR;France;EURO;0;5033;0;17992
28/05/2020;FR;France;EURO;0;5033;0;17992
29/05/2020;FR;France;EURO;0;5033;0;17992
30/05/2020;FR;France;EURO;0;5033;0;17992
31/05/2020;FR;France;EURO;3436;8469;471;18463
1/06/2020;FR;France;EURO;0;8469;0;18463
2/06/2020;FR;France;EURO;0;8469;0;18463
3/06/2020;FR;France;EURO;0;8469;0;18463
4/06/2020;FR;France;EURO;0;8469;0;18463
5/06/2020;FR;France;EURO;0;8469;0;18463
6/06/2020;FR;France;EURO;0;8469;0;18463
7/06/2020;FR;France;EURO;2745;11214;331;18794
8/06/2020;FR;France;EURO;0;11214;0;18794
9/06/2020;FR;France;EURO;0;11214;0;18794
10/06/2020;FR;France;EURO;0;11214;0;18794
11/06/2020;FR;France;EURO;0;11214;0;18794
12/06/2020;FR;France;EURO;0;11214;0;18794
13/06/2020;FR;France;EURO;0;11214;0;18794
14/06/2020;FR;France;EURO;2627;13841;258;19052
15/06/2020;FR;France;EURO;0;13841;0;19052
16/06/2020;FR;France;EURO;0;13841;0;19052
17/06/2020;FR;France;EURO;0;13841;0;19052
18/06/2020;FR;France;EURO;0;13841;0;19052
19/06/2020;FR;France;EURO;0;13841;0;19052
20/06/2020;FR;France;EURO;0;13841;0;19052
21/06/2020;FR;France;EURO;2267;16108;159;19211
22/06/2020;FR;France;EURO;0;16108;0;19211
23/06/2020;FR;France;EURO;0;16108;0;19211
24/06/2020;FR;France;EURO;0;16108;0;19211
25/06/2020;FR;France;EURO;0;16108;0;19211
26/06/2020;FR;France;EURO;0;16108;0;19211
27/06/2020;FR;France;EURO;0;16108;0;19211
28/06/2020;FR;France;EURO;2024;18132;111;19322
29/06/2020;FR;France;EURO;0;18132;0;19322
30/06/2020;FR;France;EURO;0;18132;0;19322
1/07/2020;FR;France;EURO;0;18132;0;19322
2/07/2020;FR;France;EURO;0;18132;0;19322
3/07/2020;FR;France;EURO;0;18132;0;19322
4/07/2020;FR;France;EURO;0;18132;0;19322
5/07/2020;FR;France;EURO;2324;20456;100;19422
6/07/2020;FR;France;EURO;0;20456;0;19422
7/07/2020;FR;France;EURO;0;20456;0;19422
8/07/2020;FR;France;EURO;0;20456;0;19422
9/07/2020;FR;France;EURO;0;20456;0;19422
10/07/2020;FR;France;EURO;0;20456;0;19422
11/07/2020;FR;France;EURO;0;20456;0;19422
12/07/2020;FR;France;EURO;2853;23309;120;19542
13/07/2020;FR;France;EURO;0;23309;0;19542
14/07/2020;FR;France;EURO;0;23309;0;19542
15/07/2020;FR;France;EURO;0;23309;0;19542
16/07/2020;FR;France;EURO;0;23309;0;19542
17/07/2020;FR;France;EURO;0;23309;0;19542
18/07/2020;FR;France;EURO;0;23309;0;19542
19/07/2020;FR;France;EURO;3510;26819;94;19636
20/07/2020;FR;France;EURO;0;26819;0;19636
21/07/2020;FR;France;EURO;0;26819;0;19636
22/07/2020;FR;France;EURO;0;26819;0;19636
23/07/2020;FR;France;EURO;0;26819;0;19636
24/07/2020;FR;France;EURO;0;26819;0;19636
25/07/2020;FR;France;EURO;0;26819;0;19636
26/07/2020;FR;France;EURO;5565;32384;98;19734
27/07/2020;FR;France;EURO;0;32384;0;19734
28/07/2020;FR;France;EURO;0;32384;0;19734
29/07/2020;FR;France;EURO;0;32384;0;19734
30/07/2020;FR;France;EURO;0;32384;0;19734
31/07/2020;FR;France;EURO;0;32384;0;19734
1/08/2020;FR;France;EURO;0;32384;0;19734
2/08/2020;FR;France;EURO;7676;40060;77;19811
3/08/2020;FR;France;EURO;0;40060;0;19811
4/08/2020;FR;France;EURO;0;40060;0;19811
5/08/2020;FR;France;EURO;0;40060;0;19811
6/08/2020;FR;France;EURO;0;40060;0;19811
7/08/2020;FR;France;EURO;0;40060;0;19811
8/08/2020;FR;France;EURO;0;40060;0;19811
9/08/2020;FR;France;EURO;10899;50959;69;19880
10/08/2020;FR;France;EURO;0;50959;0;19880
11/08/2020;FR;France;EURO;0;50959;0;19880
12/08/2020;FR;France;EURO;0;50959;0;19880
13/08/2020;FR;France;EURO;0;50959;0;19880
14/08/2020;FR;France;EURO;0;50959;0;19880
15/08/2020;FR;France;EURO;0;50959;0;19880
16/08/2020;FR;France;EURO;16650;67609;92;19972
17/08/2020;FR;France;EURO;0;67609;0;19972
18/08/2020;FR;France;EURO;0;67609;0;19972
19/08/2020;FR;France;EURO;0;67609;0;19972
20/08/2020;FR;France;EURO;0;67609;0;19972
21/08/2020;FR;France;EURO;0;67609;0;19972
22/08/2020;FR;France;EURO;0;67609;0;19972
23/08/2020;FR;France;EURO;25208;92817;118;20090
24/08/2020;FR;France;EURO;0;92817;0;20090
25/08/2020;FR;France;EURO;0;92817;0;20090
26/08/2020;FR;France;EURO;0;92817;0;20090
27/08/2020;FR;France;EURO;0;92817;0;20090
28/08/2020;FR;France;EURO;0;92817;0;20090
29/08/2020;FR;France;EURO;0;92817;0;20090
30/08/2020;FR;France;EURO;37753;130570;111;20201
31/08/2020;FR;France;EURO;0;130570;0;20201
1/09/2020;FR;France;EURO;0;130570;0;20201
2/09/2020;FR;France;EURO;0;130570;0;20201
3/09/2020;FR;France;EURO;0;130570;0;20201
4/09/2020;FR;France;EURO;0;130570;0;20201
5/09/2020;FR;France;EURO;0;130570;0;20201
6/09/2020;FR;France;EURO;50197;180767;126;20327
7/09/2020;FR;France;EURO;0;180767;0;20327
8/09/2020;FR;France;EURO;0;180767;0;20327
9/09/2020;FR;France;EURO;0;180767;0;20327
10/09/2020;FR;France;EURO;0;180767;0;20327
11/09/2020;FR;France;EURO;0;180767;0;20327
12/09/2020;FR;France;EURO;0;180767;0;20327
13/09/2020;FR;France;EURO;61432;242199;258;20585
14/09/2020;FR;France;EURO;0;242199;0;20585
15/09/2020;FR;France;EURO;0;242199;0;20585
16/09/2020;FR;France;EURO;0;242199;0;20585
17/09/2020;FR;France;EURO;0;242199;0;20585
18/09/2020;FR;France;EURO;0;242199;0;20585
19/09/2020;FR;France;EURO;0;242199;0;20585
20/09/2020;FR;France;EURO;73481;315680;429;21014
21/09/2020;FR;France;EURO;0;315680;0;21014
22/09/2020;FR;France;EURO;0;315680;0;21014
23/09/2020;FR;France;EURO;0;315680;0;21014
24/09/2020;FR;France;EURO;0;315680;0;21014
25/09/2020;FR;France;EURO;0;315680;0;21014
26/09/2020;FR;France;EURO;0;315680;0;21014
27/09/2020;FR;France;EURO;72509;388189;559;21573
28/09/2020;FR;France;EURO;0;388189;0;21573
29/09/2020;FR;France;EURO;0;388189;0;21573
30/09/2020;FR;France;EURO;0;388189;0;21573
1/10/2020;FR;France;EURO;0;388189;0;21573
2/10/2020;FR;France;EURO;0;388189;0;21573
3/10/2020;FR;France;EURO;0;388189;0;21573
4/10/2020;FR;France;EURO;74819;463008;561;22134
5/10/2020;FR;France;EURO;0;463008;0;22134
6/10/2020;FR;France;EURO;0;463008;0;22134
7/10/2020;FR;France;EURO;0;463008;0;22134
8/10/2020;FR;France;EURO;0;463008;0;22134
9/10/2020;FR;France;EURO;0;463008;0;22134
10/10/2020;FR;France;EURO;0;463008;0;22134
11/10/2020;FR;France;EURO;116159;579167;690;22824
12/10/2020;FR;France;EURO;0;579167;0;22824
13/10/2020;FR;France;EURO;0;579167;0;22824
14/10/2020;FR;France;EURO;0;579167;0;22824
15/10/2020;FR;France;EURO;0;579167;0;22824
16/10/2020;FR;France;EURO;0;579167;0;22824
17/10/2020;FR;France;EURO;0;579167;0;22824
18/10/2020;FR;France;EURO;167835;747002;963;23787
19/10/2020;FR;France;EURO;0;747002;0;23787
20/10/2020;FR;France;EURO;0;747002;0;23787
21/10/2020;FR;France;EURO;0;747002;0;23787
22/10/2020;FR;France;EURO;0;747002;0;23787
23/10/2020;FR;France;EURO;0;747002;0;23787
24/10/2020;FR;France;EURO;0;747002;0;23787
25/10/2020;FR;France;EURO;261329;1008331;1774;25561
26/10/2020;FR;France;EURO;0;1008331;0;25561
27/10/2020;FR;France;EURO;0;1008331;0;25561
28/10/2020;FR;France;EURO;0;1008331;0;25561
29/10/2020;FR;France;EURO;0;1008331;0;25561
30/10/2020;FR;France;EURO;0;1008331;0;25561
31/10/2020;FR;France;EURO;0;1008331;0;25561
1/11/2020;FR;France;EURO;332505;1340836;3154;28715
2/11/2020;FR;France;EURO;0;1340836;0;28715
3/11/2020;FR;France;EURO;0;1340836;0;28715
4/11/2020;FR;France;EURO;0;1340836;0;28715
5/11/2020;FR;France;EURO;0;1340836;0;28715
6/11/2020;FR;France;EURO;0;1340836;0;28715
7/11/2020;FR;France;EURO;0;1340836;0;28715
8/11/2020;FR;France;EURO;303116;1643952;4794;33509
9/11/2020;FR;France;EURO;0;1643952;0;33509
10/11/2020;FR;France;EURO;0;1643952;0;33509
11/11/2020;FR;France;EURO;0;1643952;0;33509
12/11/2020;FR;France;EURO;0;1643952;0;33509
13/11/2020;FR;France;EURO;0;1643952;0;33509
14/11/2020;FR;France;EURO;0;1643952;0;33509
15/11/2020;FR;France;EURO;176429;1820381;5487;38996
16/11/2020;FR;France;EURO;0;1820381;0;38996
17/11/2020;FR;France;EURO;0;1820381;0;38996
18/11/2020;FR;France;EURO;0;1820381;0;38996
19/11/2020;FR;France;EURO;0;1820381;0;38996
20/11/2020;FR;France;EURO;0;1820381;0;38996
21/11/2020;FR;France;EURO;0;1820381;0;38996
22/11/2020;FR;France;EURO;114947;1935328;5602;44598
23/11/2020;FR;France;EURO;0;1935328;0;44598
24/11/2020;FR;France;EURO;0;1935328;0;44598
25/11/2020;FR;France;EURO;0;1935328;0;44598
26/11/2020;FR;France;EURO;0;1935328;0;44598
27/11/2020;FR;France;EURO;0;1935328;0;44598
28/11/2020;FR;France;EURO;0;1935328;0;44598
29/11/2020;FR;France;EURO;77077;2012405;4679;49277
30/11/2020;FR;France;EURO;0;2012405;0;49277
1/12/2020;FR;France;EURO;0;2012405;0;49277
2/12/2020;FR;France;EURO;0;2012405;0;49277
3/12/2020;FR;France;EURO;0;2012405;0;49277
4/12/2020;FR;France;EURO;0;2012405;0;49277
5/12/2020;FR;France;EURO;0;2012405;0;49277
6/12/2020;FR;France;EURO;71372;2083777;3963;53240
7/12/2020;FR;France;EURO;0;2083777;0;53240
8/12/2020;FR;France;EURO;0;2083777;0;53240
9/12/2020;FR;France;EURO;0;2083777;0;53240
10/12/2020;FR;France;EURO;0;2083777;0;53240
11/12/2020;FR;France;EURO;0;2083777;0;53240
12/12/2020;FR;France;EURO;0;2083777;0;53240
13/12/2020;FR;France;EURO;77674;2161451;3792;57032
14/12/2020;FR;France;EURO;0;2161451;0;57032
15/12/2020;FR;France;EURO;0;2161451;0;57032
16/12/2020;FR;France;EURO;0;2161451;0;57032
17/12/2020;FR;France;EURO;0;2161451;0;57032
18/12/2020;FR;France;EURO;0;2161451;0;57032
19/12/2020;FR;France;EURO;0;2161451;0;57032
20/12/2020;FR;France;EURO;92919;2254370;3383;60415
21/12/2020;FR;France;EURO;0;2254370;0;60415
22/12/2020;FR;France;EURO;0;2254370;0;60415
23/12/2020;FR;France;EURO;0;2254370;0;60415
24/12/2020;FR;France;EURO;0;2254370;0;60415
25/12/2020;FR;France;EURO;0;2254370;0;60415
26/12/2020;FR;France;EURO;0;2254370;0;60415
27/12/2020;FR;France;EURO;83888;2338258;3119;63534
28/12/2020;FR;France;EURO;0;2338258;0;63534
29/12/2020;FR;France;EURO;0;2338258;0;63534
30/12/2020;FR;France;EURO;0;2338258;0;63534
31/12/2020;FR;France;EURO;0;2338258;0;63534
1/01/2021;FR;France;EURO;0;2338258;0;63534
2/01/2021;FR;France;EURO;0;2338258;0;63534
3/01/2021;FR;France;EURO;88948;2427206;2915;66449
4/01/2021;FR;France;EURO;0;2427206;0;66449
5/01/2021;FR;France;EURO;0;2427206;0;66449
6/01/2021;FR;France;EURO;0;2427206;0;66449
7/01/2021;FR;France;EURO;0;2427206;0;66449
8/01/2021;FR;France;EURO;0;2427206;0;66449
9/01/2021;FR;France;EURO;0;2427206;0;66449
10/01/2021;FR;France;EURO;122263;2549469;3429;69878
11/01/2021;FR;France;EURO;0;2549469;0;69878
12/01/2021;FR;France;EURO;0;2549469;0;69878
13/01/2021;FR;France;EURO;0;2549469;0;69878
14/01/2021;FR;France;EURO;0;2549469;0;69878
15/01/2021;FR;France;EURO;0;2549469;0;69878
16/01/2021;FR;France;EURO;0;2549469;0;69878
17/01/2021;FR;France;EURO;118842;2668311;3454;73332
18/01/2021;FR;France;EURO;0;2668311;0;73332
19/01/2021;FR;France;EURO;0;2668311;0;73332
20/01/2021;FR;France;EURO;0;2668311;0;73332
21/01/2021;FR;France;EURO;0;2668311;0;73332
22/01/2021;FR;France;EURO;0;2668311;0;73332
23/01/2021;FR;France;EURO;0;2668311;0;73332
24/01/2021;FR;France;EURO;130149;2798460;3414;76746
25/01/2021;FR;France;EURO;0;2798460;0;76746
26/01/2021;FR;France;EURO;0;2798460;0;76746
27/01/2021;FR;France;EURO;0;2798460;0;76746
28/01/2021;FR;France;EURO;0;2798460;0;76746
29/01/2021;FR;France;EURO;0;2798460;0;76746
30/01/2021;FR;France;EURO;0;2798460;0;76746
31/01/2021;FR;France;EURO;132624;2931084;3159;79905
1/02/2021;FR;France;EURO;0;2931084;0;79905
2/02/2021;FR;France;EURO;0;2931084;0;79905
3/02/2021;FR;France;EURO;0;2931084;0;79905
4/02/2021;FR;France;EURO;0;2931084;0;79905
5/02/2021;FR;France;EURO;0;2931084;0;79905
6/02/2021;FR;France;EURO;0;2931084;0;79905
7/02/2021;FR;France;EURO;128451;3059535;3069;82974
8/02/2021;FR;France;EURO;0;3059535;0;82974
9/02/2021;FR;France;EURO;0;3059535;0;82974
10/02/2021;FR;France;EURO;0;3059535;0;82974
11/02/2021;FR;France;EURO;0;3059535;0;82974
12/02/2021;FR;France;EURO;0;3059535;0;82974
13/02/2021;FR;France;EURO;0;3059535;0;82974
14/02/2021;FR;France;EURO;110436;3169971;2892;85866
15/02/2021;FR;France;EURO;0;3169971;0;85866
16/02/2021;FR;France;EURO;0;3169971;0;85866
17/02/2021;FR;France;EURO;0;3169971;0;85866
18/02/2021;FR;France;EURO;0;3169971;0;85866
19/02/2021;FR;France;EURO;0;3169971;0;85866
20/02/2021;FR;France;EURO;0;3169971;0;85866
21/02/2021;FR;France;EURO;117551;3287522;2516;88382
22/02/2021;FR;France;EURO;0;3287522;0;88382
23/02/2021;FR;France;EURO;0;3287522;0;88382
24/02/2021;FR;France;EURO;0;3287522;0;88382
25/02/2021;FR;France;EURO;0;3287522;0;88382
26/02/2021;FR;France;EURO;0;3287522;0;88382
27/02/2021;FR;France;EURO;0;3287522;0;88382
28/02/2021;FR;France;EURO;127696;3415218;2151;90533
1/03/2021;FR;France;EURO;0;3415218;0;90533
2/03/2021;FR;France;EURO;0;3415218;0;90533
3/03/2021;FR;France;EURO;0;3415218;0;90533
4/03/2021;FR;France;EURO;0;3415218;0;90533
5/03/2021;FR;France;EURO;0;3415218;0;90533
6/03/2021;FR;France;EURO;0;3415218;0;90533
7/03/2021;FR;France;EURO;124259;3539477;2033;92566
8/03/2021;FR;France;EURO;0;3539477;0;92566
9/03/2021;FR;France;EURO;0;3539477;0;92566
10/03/2021;FR;France;EURO;0;3539477;0;92566
11/03/2021;FR;France;EURO;0;3539477;0;92566
12/03/2021;FR;France;EURO;0;3539477;0;92566
13/03/2021;FR;France;EURO;0;3539477;0;92566
14/03/2021;FR;France;EURO;142978;3682455;1872;94438
15/03/2021;FR;France;EURO;0;3682455;0;94438
16/03/2021;FR;France;EURO;0;3682455;0;94438
17/03/2021;FR;France;EURO;0;3682455;0;94438
18/03/2021;FR;France;EURO;0;3682455;0;94438
19/03/2021;FR;France;EURO;0;3682455;0;94438
20/03/2021;FR;France;EURO;0;3682455;0;94438
21/03/2021;FR;France;EURO;183823;3866278;1799;96237
22/03/2021;FR;France;EURO;0;3866278;0;96237
23/03/2021;FR;France;EURO;0;3866278;0;96237
24/03/2021;FR;France;EURO;0;3866278;0;96237
25/03/2021;FR;France;EURO;0;3866278;0;96237
26/03/2021;FR;France;EURO;0;3866278;0;96237
27/03/2021;FR;France;EURO;0;3866278;0;96237
28/03/2021;FR;France;EURO;223964;4090242;1834;98071
29/03/2021;FR;France;EURO;0;4090242;0;98071
30/03/2021;FR;France;EURO;0;4090242;0;98071
31/03/2021;FR;France;EURO;0;4090242;0;98071
1/04/2021;FR;France;EURO;0;4090242;0;98071
2/04/2021;FR;France;EURO;0;4090242;0;98071
3/04/2021;FR;France;EURO;0;4090242;0;98071
4/04/2021;FR;France;EURO;242407;4332649;1959;100030
5/04/2021;FR;France;EURO;0;4332649;0;100030
6/04/2021;FR;France;EURO;0;4332649;0;100030
7/04/2021;FR;France;EURO;0;4332649;0;100030
8/04/2021;FR;France;EURO;0;4332649;0;100030
9/04/2021;FR;France;EURO;0;4332649;0;100030
10/04/2021;FR;France;EURO;0;4332649;0;100030
11/04/2021;FR;France;EURO;203218;4535867;2120;102150
12/04/2021;FR;France;EURO;0;4535867;0;102150
13/04/2021;FR;France;EURO;0;4535867;0;102150
14/04/2021;FR;France;EURO;0;4535867;0;102150
15/04/2021;FR;France;EURO;0;4535867;0;102150
16/04/2021;FR;France;EURO;0;4535867;0;102150
17/04/2021;FR;France;EURO;0;4535867;0;102150
18/04/2021;FR;France;EURO;202154;4738021;1967;104117
19/04/2021;FR;France;EURO;0;4738021;0;104117
20/04/2021;FR;France;EURO;0;4738021;0;104117
21/04/2021;FR;France;EURO;0;4738021;0;104117
22/04/2021;FR;France;EURO;0;4738021;0;104117
23/04/2021;FR;France;EURO;0;4738021;0;104117
24/04/2021;FR;France;EURO;0;4738021;0;104117
25/04/2021;FR;France;EURO;179462;4917483;2062;106179
26/04/2021;FR;France;EURO;0;4917483;0;106179
27/04/2021;FR;France;EURO;0;4917483;0;106179
28/04/2021;FR;France;EURO;0;4917483;0;106179
29/04/2021;FR;France;EURO;0;4917483;0;106179
30/04/2021;FR;France;EURO;0;4917483;0;106179
1/05/2021;FR;France;EURO;0;4917483;0;106179
2/05/2021;FR;France;EURO;142908;5060391;1954;108133
3/05/2021;FR;France;EURO;0;5060391;0;108133
4/05/2021;FR;France;EURO;0;5060391;0;108133
5/05/2021;FR;France;EURO;0;5060391;0;108133
6/05/2021;FR;France;EURO;0;5060391;0;108133
7/05/2021;FR;France;EURO;0;5060391;0;108133
8/05/2021;FR;France;EURO;0;5060391;0;108133
9/05/2021;FR;France;EURO;106629;5167020;1533;109666
10/05/2021;FR;France;EURO;0;5167020;0;109666
11/05/2021;FR;France;EURO;0;5167020;0;109666
12/05/2021;FR;France;EURO;0;5167020;0;109666
13/05/2021;FR;France;EURO;0;5167020;0;109666
14/05/2021;FR;France;EURO;0;5167020;0;109666
15/05/2021;FR;France;EURO;0;5167020;0;109666
16/05/2021;FR;France;EURO;80870;5247890;1189;110855
17/05/2021;FR;France;EURO;0;5247890;0;110855
18/05/2021;FR;France;EURO;0;5247890;0;110855
19/05/2021;FR;France;EURO;0;5247890;0;110855
20/05/2021;FR;France;EURO;0;5247890;0;110855
21/05/2021;FR;France;EURO;0;5247890;0;110855
22/05/2021;FR;France;EURO;0;5247890;0;110855
23/05/2021;FR;France;EURO;83455;5331345;940;111795
24/05/2021;FR;France;EURO;0;5331345;0;111795
25/05/2021;FR;France;EURO;0;5331345;0;111795
26/05/2021;FR;France;EURO;0;5331345;0;111795
27/05/2021;FR;France;EURO;0;5331345;0;111795
28/05/2021;FR;France;EURO;0;5331345;0;111795
29/05/2021;FR;France;EURO;0;5331345;0;111795
30/05/2021;FR;France;EURO;60391;5391736;772;112567
31/05/2021;FR;France;EURO;0;5391736;0;112567
1/06/2021;FR;France;EURO;0;5391736;0;112567
2/06/2021;FR;France;EURO;0;5391736;0;112567
3/06/2021;FR;France;EURO;0;5391736;0;112567
4/06/2021;FR;France;EURO;0;5391736;0;112567
5/06/2021;FR;France;EURO;0;5391736;0;112567
6/06/2021;FR;France;EURO;46483;5438219;565;113132
7/06/2021;FR;France;EURO;0;5438219;0;113132
8/06/2021;FR;France;EURO;0;5438219;0;113132
9/06/2021;FR;France;EURO;0;5438219;0;113132
10/06/2021;FR;France;EURO;0;5438219;0;113132
11/06/2021;FR;France;EURO;0;5438219;0;113132
12/06/2021;FR;France;EURO;0;5438219;0;113132
13/06/2021;FR;France;EURO;27004;5465223;355;113487
14/06/2021;FR;France;EURO;0;5465223;0;113487
15/06/2021;FR;France;EURO;0;5465223;0;113487
16/06/2021;FR;France;EURO;0;5465223;0;113487
17/06/2021;FR;France;EURO;0;5465223;0;113487
18/06/2021;FR;France;EURO;0;5465223;0;113487
19/06/2021;FR;France;EURO;0;5465223;0;113487
20/06/2021;FR;France;EURO;14820;5480043;309;113796
21/06/2021;FR;France;EURO;0;5480043;0;113796
22/06/2021;FR;France;EURO;0;5480043;0;113796
23/06/2021;FR;France;EURO;0;5480043;0;113796
24/06/2021;FR;France;EURO;0;5480043;0;113796
25/06/2021;FR;France;EURO;0;5480043;0;113796
26/06/2021;FR;France;EURO;0;5480043;0;113796
27/06/2021;FR;France;EURO;10690;5490733;234;114030
28/06/2021;FR;France;EURO;0;5490733;0;114030
29/06/2021;FR;France;EURO;0;5490733;0;114030
30/06/2021;FR;France;EURO;0;5490733;0;114030
1/07/2021;FR;France;EURO;0;5490733;0;114030
2/07/2021;FR;France;EURO;0;5490733;0;114030
3/07/2021;FR;France;EURO;0;5490733;0;114030
4/07/2021;FR;France;EURO;13906;5504639;171;114201
5/07/2021;FR;France;EURO;0;5504639;0;114201
6/07/2021;FR;France;EURO;0;5504639;0;114201
7/07/2021;FR;France;EURO;0;5504639;0;114201
8/07/2021;FR;France;EURO;0;5504639;0;114201
9/07/2021;FR;France;EURO;0;5504639;0;114201
10/07/2021;FR;France;EURO;0;5504639;0;114201
11/07/2021;FR;France;EURO;23318;5527957;142;114343
12/07/2021;FR;France;EURO;0;5527957;0;114343
13/07/2021;FR;France;EURO;0;5527957;0;114343
14/07/2021;FR;France;EURO;0;5527957;0;114343
15/07/2021;FR;France;EURO;0;5527957;0;114343
16/07/2021;FR;France;EURO;0;5527957;0;114343
17/07/2021;FR;France;EURO;0;5527957;0;114343
18/07/2021;FR;France;EURO;46656;5574613;96;114439
19/07/2021;FR;France;EURO;0;5574613;0;114439
20/07/2021;FR;France;EURO;0;5574613;0;114439
21/07/2021;FR;France;EURO;0;5574613;0;114439
22/07/2021;FR;France;EURO;0;5574613;0;114439
23/07/2021;FR;France;EURO;0;5574613;0;114439
24/07/2021;FR;France;EURO;0;5574613;0;114439
25/07/2021;FR;France;EURO;118078;5692691;119;114558
26/07/2021;FR;France;EURO;0;5692691;0;114558
27/07/2021;FR;France;EURO;0;5692691;0;114558
28/07/2021;FR;France;EURO;0;5692691;0;114558
29/07/2021;FR;France;EURO;0;5692691;0;114558
30/07/2021;FR;France;EURO;0;5692691;0;114558
31/07/2021;FR;France;EURO;0;5692691;0;114558
1/08/2021;FR;France;EURO;143183;5835874;240;114798
2/08/2021;FR;France;EURO;0;5835874;0;114798
3/08/2021;FR;France;EURO;0;5835874;0;114798
4/08/2021;FR;France;EURO;0;5835874;0;114798
5/08/2021;FR;France;EURO;0;5835874;0;114798
6/08/2021;FR;France;EURO;0;5835874;0;114798
7/08/2021;FR;France;EURO;0;5835874;0;114798
8/08/2021;FR;France;EURO;147135;5983009;282;115080
9/08/2021;FR;France;EURO;0;5983009;0;115080
10/08/2021;FR;France;EURO;0;5983009;0;115080
11/08/2021;FR;France;EURO;0;5983009;0;115080
12/08/2021;FR;France;EURO;0;5983009;0;115080
13/08/2021;FR;France;EURO;0;5983009;0;115080
14/08/2021;FR;France;EURO;0;5983009;0;115080
15/08/2021;FR;France;EURO;150930;6133939;353;115433
16/08/2021;FR;France;EURO;0;6133939;0;115433
17/08/2021;FR;France;EURO;0;6133939;0;115433
18/08/2021;FR;France;EURO;0;6133939;0;115433
19/08/2021;FR;France;EURO;0;6133939;0;115433
20/08/2021;FR;France;EURO;0;6133939;0;115433
21/08/2021;FR;France;EURO;0;6133939;0;115433
22/08/2021;FR;France;EURO;133571;6267510;699;116132
23/08/2021;FR;France;EURO;0;6267510;0;116132
24/08/2021;FR;France;EURO;0;6267510;0;116132
25/08/2021;FR;France;EURO;0;6267510;0;116132
26/08/2021;FR;France;EURO;0;6267510;0;116132
27/08/2021;FR;France;EURO;0;6267510;0;116132
28/08/2021;FR;France;EURO;0;6267510;0;116132
29/08/2021;FR;France;EURO;112124;6379634;464;116596
30/08/2021;FR;France;EURO;0;6379634;0;116596
31/08/2021;FR;France;EURO;0;6379634;0;116596
1/09/2021;FR;France;EURO;0;6379634;0;116596
2/09/2021;FR;France;EURO;0;6379634;0;116596
3/09/2021;FR;France;EURO;0;6379634;0;116596
4/09/2021;FR;France;EURO;0;6379634;0;116596
5/09/2021;FR;France;EURO;85782;6465416;489;117085
6/09/2021;FR;France;EURO;0;6465416;0;117085
7/09/2021;FR;France;EURO;0;6465416;0;117085
8/09/2021;FR;France;EURO;0;6465416;0;117085
9/09/2021;FR;France;EURO;0;6465416;0;117085
10/09/2021;FR;France;EURO;0;6465416;0;117085
11/09/2021;FR;France;EURO;0;6465416;0;117085
12/09/2021;FR;France;EURO;64820;6530236;437;117522
13/09/2021;FR;France;EURO;0;6530236;0;117522
14/09/2021;FR;France;EURO;0;6530236;0;117522
15/09/2021;FR;France;EURO;0;6530236;0;117522
16/09/2021;FR;France;EURO;0;6530236;0;117522
17/09/2021;FR;France;EURO;0;6530236;0;117522
18/09/2021;FR;France;EURO;0;6530236;0;117522
19/09/2021;FR;France;EURO;46736;6576972;386;117908
20/09/2021;FR;France;EURO;0;6576972;0;117908
21/09/2021;FR;France;EURO;0;6576972;0;117908
22/09/2021;FR;France;EURO;0;6576972;0;117908
23/09/2021;FR;France;EURO;0;6576972;0;117908
24/09/2021;FR;France;EURO;0;6576972;0;117908
25/09/2021;FR;France;EURO;0;6576972;0;117908
26/09/2021;FR;France;EURO;36114;6613086;331;118239
27/09/2021;FR;France;EURO;0;6613086;0;118239
28/09/2021;FR;France;EURO;0;6613086;0;118239
29/09/2021;FR;France;EURO;0;6613086;0;118239
30/09/2021;FR;France;EURO;0;6613086;0;118239
1/10/2021;FR;France;EURO;0;6613086;0;118239
2/10/2021;FR;France;EURO;0;6613086;0;118239
3/10/2021;FR;France;EURO;30916;6644002;276;118515
4/10/2021;FR;France;EURO;0;6644002;0;118515
5/10/2021;FR;France;EURO;0;6644002;0;118515
6/10/2021;FR;France;EURO;0;6644002;0;118515
7/10/2021;FR;France;EURO;0;6644002;0;118515
8/10/2021;FR;France;EURO;0;6644002;0;118515
9/10/2021;FR;France;EURO;0;6644002;0;118515
10/10/2021;FR;France;EURO;26346;6670348;191;118706
11/10/2021;FR;France;EURO;0;6670348;0;118706
12/10/2021;FR;France;EURO;0;6670348;0;118706
13/10/2021;FR;France;EURO;0;6670348;0;118706
14/10/2021;FR;France;EURO;0;6670348;0;118706
15/10/2021;FR;France;EURO;0;6670348;0;118706
16/10/2021;FR;France;EURO;0;6670348;0;118706
17/10/2021;FR;France;EURO;31095;6701443;175;118881
18/10/2021;FR;France;EURO;0;6701443;0;118881
19/10/2021;FR;France;EURO;0;6701443;0;118881
20/10/2021;FR;France;EURO;0;6701443;0;118881
21/10/2021;FR;France;EURO;0;6701443;0;118881
22/10/2021;FR;France;EURO;0;6701443;0;118881
23/10/2021;FR;France;EURO;0;6701443;0;118881
24/10/2021;FR;France;EURO;34241;6735684;179;119060
25/10/2021;FR;France;EURO;0;6735684;0;119060
26/10/2021;FR;France;EURO;0;6735684;0;119060
27/10/2021;FR;France;EURO;0;6735684;0;119060
28/10/2021;FR;France;EURO;0;6735684;0;119060
29/10/2021;FR;France;EURO;0;6735684;0;119060
30/10/2021;FR;France;EURO;0;6735684;0;119060
31/10/2021;FR;France;EURO;38425;6774109;177;119237
1/11/2021;FR;France;EURO;0;6774109;0;119237
2/11/2021;FR;France;EURO;0;6774109;0;119237
3/11/2021;FR;France;EURO;0;6774109;0;119237
4/11/2021;FR;France;EURO;0;6774109;0;119237
5/11/2021;FR;France;EURO;0;6774109;0;119237
6/11/2021;FR;France;EURO;0;6774109;0;119237
7/11/2021;FR;France;EURO;48057;6822166;212;119449
8/11/2021;FR;France;EURO;0;6822166;0;119449
9/11/2021;FR;France;EURO;0;6822166;0;119449
10/11/2021;FR;France;EURO;0;6822166;0;119449
11/11/2021;FR;France;EURO;0;6822166;0;119449
12/11/2021;FR;France;EURO;0;6822166;0;119449
13/11/2021;FR;France;EURO;0;6822166;0;119449
14/11/2021;FR;France;EURO;66361;6888527;233;119682
15/11/2021;FR;France;EURO;0;6888527;0;119682
16/11/2021;FR;France;EURO;0;6888527;0;119682
17/11/2021;FR;France;EURO;0;6888527;0;119682
18/11/2021;FR;France;EURO;0;6888527;0;119682
19/11/2021;FR;France;EURO;0;6888527;0;119682
20/11/2021;FR;France;EURO;0;6888527;0;119682
21/11/2021;FR;France;EURO;119701;7008228;317;119999
22/11/2021;FR;France;EURO;0;7008228;0;119999
23/11/2021;FR;France;EURO;0;7008228;0;119999
24/11/2021;FR;France;EURO;0;7008228;0;119999
25/11/2021;FR;France;EURO;0;7008228;0;119999
26/11/2021;FR;France;EURO;0;7008228;0;119999
27/11/2021;FR;France;EURO;0;7008228;0;119999
28/11/2021;FR;France;EURO;195222;7203450;454;120453
29/11/2021;FR;France;EURO;0;7203450;0;120453
30/11/2021;FR;France;EURO;0;7203450;0;120453
1/12/2021;FR;France;EURO;0;7203450;0;120453
2/12/2021;FR;France;EURO;0;7203450;0;120453
3/12/2021;FR;France;EURO;0;7203450;0;120453
4/12/2021;FR;France;EURO;0;7203450;0;120453
5/12/2021;FR;France;EURO;288799;7492249;619;121072
6/12/2021;FR;France;EURO;0;7492249;0;121072
7/12/2021;FR;France;EURO;0;7492249;0;121072
8/12/2021;FR;France;EURO;0;7492249;0;121072
9/12/2021;FR;France;EURO;0;7492249;0;121072
10/12/2021;FR;France;EURO;0;7492249;0;121072
11/12/2021;FR;France;EURO;0;7492249;0;121072
12/12/2021;FR;France;EURO;337285;7829534;903;121975
13/12/2021;FR;France;EURO;0;7829534;0;121975
14/12/2021;FR;France;EURO;0;7829534;0;121975
15/12/2021;FR;France;EURO;0;7829534;0;121975
16/12/2021;FR;France;EURO;0;7829534;0;121975
17/12/2021;FR;France;EURO;0;7829534;0;121975
18/12/2021;FR;France;EURO;0;7829534;0;121975
19/12/2021;FR;France;EURO;360652;8190186;1033;123008
20/12/2021;FR;France;EURO;0;8190186;0;123008
21/12/2021;FR;France;EURO;0;8190186;0;123008
22/12/2021;FR;France;EURO;0;8190186;0;123008
23/12/2021;FR;France;EURO;0;8190186;0;123008
24/12/2021;FR;France;EURO;0;8190186;0;123008
25/12/2021;FR;France;EURO;0;8190186;0;123008
26/12/2021;FR;France;EURO;519740;8709926;1157;124165
27/12/2021;FR;France;EURO;0;8709926;0;124165
28/12/2021;FR;France;EURO;0;8709926;0;124165
29/12/2021;FR;France;EURO;0;8709926;0;124165
30/12/2021;FR;France;EURO;0;8709926;0;124165
31/12/2021;FR;France;EURO;0;8709926;0;124165
1/01/2022;FR;France;EURO;0;8709926;0;124165
2/01/2022;FR;France;EURO;1140724;9850650;1315;125480
3/01/2022;FR;France;EURO;0;9850650;0;125480
4/01/2022;FR;France;EURO;0;9850650;0;125480
5/01/2022;FR;France;EURO;0;9850650;0;125480
6/01/2022;FR;France;EURO;0;9850650;0;125480
7/01/2022;FR;France;EURO;0;9850650;0;125480
8/01/2022;FR;France;EURO;0;9850650;0;125480
9/01/2022;FR;France;EURO;1726217;11576867;1484;126964
10/01/2022;FR;France;EURO;0;11576867;0;126964
11/01/2022;FR;France;EURO;0;11576867;0;126964
12/01/2022;FR;France;EURO;0;11576867;0;126964
13/01/2022;FR;France;EURO;0;11576867;0;126964
14/01/2022;FR;France;EURO;0;11576867;0;126964
15/01/2022;FR;France;EURO;0;11576867;0;126964
16/01/2022;FR;France;EURO;1961912;13538779;1499;128463
17/01/2022;FR;France;EURO;0;13538779;0;128463
18/01/2022;FR;France;EURO;0;13538779;0;128463
19/01/2022;FR;France;EURO;0;13538779;0;128463
20/01/2022;FR;France;EURO;0;13538779;0;128463
21/01/2022;FR;France;EURO;0;13538779;0;128463
22/01/2022;FR;France;EURO;0;13538779;0;128463
23/01/2022;FR;France;EURO;2417043;15955822;1658;130121
24/01/2022;FR;France;EURO;0;15955822;0;130121
25/01/2022;FR;France;EURO;0;15955822;0;130121
26/01/2022;FR;France;EURO;0;15955822;0;130121
27/01/2022;FR;France;EURO;0;15955822;0;130121
28/01/2022;FR;France;EURO;0;15955822;0;130121
29/01/2022;FR;France;EURO;0;15955822;0;130121
30/01/2022;FR;France;EURO;2329374;18285196;1933;132054
31/01/2022;FR;France;EURO;0;18285196;0;132054
1/02/2022;FR;France;EURO;0;18285196;0;132054
2/02/2022;FR;France;EURO;0;18285196;0;132054
3/02/2022;FR;France;EURO;0;18285196;0;132054
4/02/2022;FR;France;EURO;0;18285196;0;132054
5/02/2022;FR;France;EURO;0;18285196;0;132054
6/02/2022;FR;France;EURO;1707588;19992784;1996;134050
7/02/2022;FR;France;EURO;0;19992784;0;134050
8/02/2022;FR;France;EURO;0;19992784;0;134050
9/02/2022;FR;France;EURO;0;19992784;0;134050
10/02/2022;FR;France;EURO;0;19992784;0;134050
11/02/2022;FR;France;EURO;0;19992784;0;134050
12/02/2022;FR;France;EURO;0;19992784;0;134050
13/02/2022;FR;France;EURO;958639;20951423;1988;136038
14/02/2022;FR;France;EURO;0;20951423;0;136038
15/02/2022;FR;France;EURO;0;20951423;0;136038
16/02/2022;FR;France;EURO;0;20951423;0;136038
17/02/2022;FR;France;EURO;0;20951423;0;136038
18/02/2022;FR;France;EURO;0;20951423;0;136038
19/02/2022;FR;France;EURO;0;20951423;0;136038
20/02/2022;FR;France;EURO;565947;21517370;1745;137783
21/02/2022;FR;France;EURO;0;21517370;0;137783
22/02/2022;FR;France;EURO;0;21517370;0;137783
23/02/2022;FR;France;EURO;0;21517370;0;137783
24/02/2022;FR;France;EURO;0;21517370;0;137783
25/02/2022;FR;France;EURO;0;21517370;0;137783
26/02/2022;FR;France;EURO;0;21517370;0;137783
27/02/2022;FR;France;EURO;393549;21910919;1331;139114
28/02/2022;FR;France;EURO;0;21910919;0;139114
1/03/2022;FR;France;EURO;0;21910919;0;139114
2/03/2022;FR;France;EURO;0;21910919;0;139114
3/03/2022;FR;France;EURO;0;21910919;0;139114
4/03/2022;FR;France;EURO;0;21910919;0;139114
5/03/2022;FR;France;EURO;0;21910919;0;139114
6/03/2022;FR;France;EURO;348284;22259203;1094;140208
7/03/2022;FR;France;EURO;0;22259203;0;140208
8/03/2022;FR;France;EURO;0;22259203;0;140208
9/03/2022;FR;France;EURO;0;22259203;0;140208
10/03/2022;FR;France;EURO;0;22259203;0;140208
11/03/2022;FR;France;EURO;0;22259203;0;140208
12/03/2022;FR;France;EURO;0;22259203;0;140208
13/03/2022;FR;France;EURO;419228;22678431;820;141028
14/03/2022;FR;France;EURO;0;22678431;0;141028
15/03/2022;FR;France;EURO;0;22678431;0;141028
16/03/2022;FR;France;EURO;0;22678431;0;141028
17/03/2022;FR;France;EURO;0;22678431;0;141028
18/03/2022;FR;France;EURO;0;22678431;0;141028
19/03/2022;FR;France;EURO;0;22678431;0;141028
20/03/2022;FR;France;EURO;586328;23264759;792;141820
21/03/2022;FR;France;EURO;0;23264759;0;141820
22/03/2022;FR;France;EURO;0;23264759;0;141820
23/03/2022;FR;France;EURO;0;23264759;0;141820
24/03/2022;FR;France;EURO;0;23264759;0;141820
25/03/2022;FR;France;EURO;0;23264759;0;141820
26/03/2022;FR;France;EURO;0;23264759;0;141820
27/03/2022;FR;France;EURO;851993;24116752;727;142547
28/03/2022;FR;France;EURO;0;24116752;0;142547
29/03/2022;FR;France;EURO;0;24116752;0;142547
30/03/2022;FR;France;EURO;0;24116752;0;142547
31/03/2022;FR;France;EURO;0;24116752;0;142547
1/04/2022;FR;France;EURO;0;24116752;0;142547
2/04/2022;FR;France;EURO;0;24116752;0;142547
3/04/2022;FR;France;EURO;959358;25076110;801;143348
4/04/2022;FR;France;EURO;0;25076110;0;143348
5/04/2022;FR;France;EURO;0;25076110;0;143348
6/04/2022;FR;France;EURO;0;25076110;0;143348
7/04/2022;FR;France;EURO;0;25076110;0;143348
8/04/2022;FR;France;EURO;0;25076110;0;143348
9/04/2022;FR;France;EURO;0;25076110;0;143348
10/04/2022;FR;France;EURO;928373;26004483;788;144136
11/04/2022;FR;France;EURO;0;26004483;0;144136
12/04/2022;FR;France;EURO;0;26004483;0;144136
13/04/2022;FR;France;EURO;0;26004483;0;144136
14/04/2022;FR;France;EURO;0;26004483;0;144136
15/04/2022;FR;France;EURO;0;26004483;0;144136
16/04/2022;FR;France;EURO;0;26004483;0;144136
17/04/2022;FR;France;EURO;822438;26826921;852;144988
18/04/2022;FR;France;EURO;0;26826921;0;144988
19/04/2022;FR;France;EURO;0;26826921;0;144988
20/04/2022;FR;France;EURO;0;26826921;0;144988
21/04/2022;FR;France;EURO;0;26826921;0;144988
22/04/2022;FR;France;EURO;0;26826921;0;144988
23/04/2022;FR;France;EURO;0;26826921;0;144988
24/04/2022;FR;France;EURO;539161;27366082;889;145877
25/04/2022;FR;France;EURO;0;27366082;0;145877
26/04/2022;FR;France;EURO;0;27366082;0;145877
27/04/2022;FR;France;EURO;0;27366082;0;145877
28/04/2022;FR;France;EURO;0;27366082;0;145877
29/04/2022;FR;France;EURO;0;27366082;0;145877
30/04/2022;FR;France;EURO;0;27366082;0;145877
1/05/2022;FR;France;EURO;376510;27742592;867;146744
2/05/2022;FR;France;EURO;0;27742592;0;146744
3/05/2022;FR;France;EURO;0;27742592;0;146744
4/05/2022;FR;France;EURO;0;27742592;0;146744
5/05/2022;FR;France;EURO;0;27742592;0;146744
6/05/2022;FR;France;EURO;0;27742592;0;146744
7/05/2022;FR;France;EURO;0;27742592;0;146744
8/05/2022;FR;France;EURO;264928;28007520;749;147493
9/05/2022;FR;France;EURO;0;28007520;0;147493
10/05/2022;FR;France;EURO;0;28007520;0;147493
11/05/2022;FR;France;EURO;0;28007520;0;147493
12/05/2022;FR;France;EURO;0;28007520;0;147493
13/05/2022;FR;France;EURO;0;28007520;0;147493
14/05/2022;FR;France;EURO;0;28007520;0;147493
15/05/2022;FR;France;EURO;216715;28224235;614;148107
16/05/2022;FR;France;EURO;0;28224235;0;148107
17/05/2022;FR;France;EURO;0;28224235;0;148107
18/05/2022;FR;France;EURO;0;28224235;0;148107
19/05/2022;FR;France;EURO;0;28224235;0;148107
20/05/2022;FR;France;EURO;0;28224235;0;148107
21/05/2022;FR;France;EURO;0;28224235;0;148107
22/05/2022;FR;France;EURO;162239;28386474;466;148573
23/05/2022;FR;France;EURO;0;28386474;0;148573
24/05/2022;FR;France;EURO;0;28386474;0;148573
25/05/2022;FR;France;EURO;0;28386474;0;148573
26/05/2022;FR;France;EURO;0;28386474;0;148573
27/05/2022;FR;France;EURO;0;28386474;0;148573
28/05/2022;FR;France;EURO;0;28386474;0;148573
29/05/2022;FR;France;EURO;113355;28499829;300;148873
30/05/2022;FR;France;EURO;0;28499829;0;148873
31/05/2022;FR;France;EURO;0;28499829;0;148873
1/06/2022;FR;France;EURO;0;28499829;0;148873
2/06/2022;FR;France;EURO;0;28499829;0;148873
3/06/2022;FR;France;EURO;0;28499829;0;148873
4/06/2022;FR;France;EURO;0;28499829;0;148873
5/06/2022;FR;France;EURO;148073;28647902;329;149202
6/06/2022;FR;France;EURO;0;28647902;0;149202
7/06/2022;FR;France;EURO;0;28647902;0;149202
8/06/2022;FR;France;EURO;0;28647902;0;149202
9/06/2022;FR;France;EURO;0;28647902;0;149202
10/06/2022;FR;France;EURO;0;28647902;0;149202
11/06/2022;FR;France;EURO;0;28647902;0;149202
12/06/2022;FR;France;EURO;193813;28841715;237;149439
13/06/2022;FR;France;EURO;0;28841715;0;149439
14/06/2022;FR;France;EURO;0;28841715;0;149439
15/06/2022;FR;France;EURO;0;28841715;0;149439
16/06/2022;FR;France;EURO;0;28841715;0;149439
17/06/2022;FR;France;EURO;0;28841715;0;149439
18/06/2022;FR;France;EURO;0;28841715;0;149439
19/06/2022;FR;France;EURO;297927;29139642;265;149704
20/06/2022;FR;France;EURO;0;29139642;0;149704
21/06/2022;FR;France;EURO;0;29139642;0;149704
22/06/2022;FR;France;EURO;0;29139642;0;149704
23/06/2022;FR;France;EURO;0;29139642;0;149704
24/06/2022;FR;France;EURO;0;29139642;0;149704
25/06/2022;FR;France;EURO;0;29139642;0;149704
26/06/2022;FR;France;EURO;456705;29596347;291;149995
27/06/2022;FR;France;EURO;0;29596347;0;149995
28/06/2022;FR;France;EURO;0;29596347;0;149995
29/06/2022;FR;France;EURO;0;29596347;0;149995
30/06/2022;FR;France;EURO;0;29596347;0;149995
1/07/2022;FR;France;EURO;0;29596347;0;149995
2/07/2022;FR;France;EURO;0;29596347;0;149995
3/07/2022;FR;France;EURO;731586;30327933;264;150259
4/07/2022;FR;France;EURO;0;30327933;0;150259
5/07/2022;FR;France;EURO;0;30327933;0;150259
6/07/2022;FR;France;EURO;0;30327933;0;150259
7/07/2022;FR;France;EURO;0;30327933;0;150259
8/07/2022;FR;France;EURO;0;30327933;0;150259
9/07/2022;FR;France;EURO;0;30327933;0;150259
10/07/2022;FR;France;EURO;903969;31231902;424;150683
11/07/2022;FR;France;EURO;0;31231902;0;150683
12/07/2022;FR;France;EURO;0;31231902;0;150683
13/07/2022;FR;France;EURO;0;31231902;0;150683
14/07/2022;FR;France;EURO;0;31231902;0;150683
15/07/2022;FR;France;EURO;0;31231902;0;150683
16/07/2022;FR;France;EURO;0;31231902;0;150683
17/07/2022;FR;France;EURO;683784;31915686;585;151268
18/07/2022;FR;France;EURO;0;31915686;0;151268
19/07/2022;FR;France;EURO;0;31915686;0;151268
20/07/2022;FR;France;EURO;0;31915686;0;151268
21/07/2022;FR;France;EURO;0;31915686;0;151268
22/07/2022;FR;France;EURO;0;31915686;0;151268
23/07/2022;FR;France;EURO;0;31915686;0;151268
24/07/2022;FR;France;EURO;522296;32437982;731;151999
25/07/2022;FR;France;EURO;0;32437982;0;151999
26/07/2022;FR;France;EURO;0;32437982;0;151999
27/07/2022;FR;France;EURO;0;32437982;0;151999
28/07/2022;FR;France;EURO;0;32437982;0;151999
29/07/2022;FR;France;EURO;0;32437982;0;151999
30/07/2022;FR;France;EURO;0;32437982;0;151999
31/07/2022;FR;France;EURO;329431;32767413;597;152596
1/08/2022;FR;France;EURO;0;32767413;0;152596
2/08/2022;FR;France;EURO;0;32767413;0;152596
3/08/2022;FR;France;EURO;0;32767413;0;152596
4/08/2022;FR;France;EURO;0;32767413;0;152596
5/08/2022;FR;France;EURO;0;32767413;0;152596
6/08/2022;FR;France;EURO;0;32767413;0;152596
7/08/2022;FR;France;EURO;212195;32979608;529;153125
8/08/2022;FR;France;EURO;0;32979608;0;153125
9/08/2022;FR;France;EURO;0;32979608;0;153125
10/08/2022;FR;France;EURO;0;32979608;0;153125
11/08/2022;FR;France;EURO;0;32979608;0;153125
12/08/2022;FR;France;EURO;0;32979608;0;153125
13/08/2022;FR;France;EURO;0;32979608;0;153125
14/08/2022;FR;France;EURO;151186;33130794;518;153643
15/08/2022;FR;France;EURO;0;33130794;0;153643
16/08/2022;FR;France;EURO;0;33130794;0;153643
17/08/2022;FR;France;EURO;0;33130794;0;153643
18/08/2022;FR;France;EURO;0;33130794;0;153643
19/08/2022;FR;France;EURO;0;33130794;0;153643
20/08/2022;FR;France;EURO;0;33130794;0;153643
21/08/2022;FR;France;EURO;119216;33250010;413;154056
22/08/2022;FR;France;EURO;0;33250010;0;154056
23/08/2022;FR;France;EURO;0;33250010;0;154056
24/08/2022;FR;France;EURO;0;33250010;0;154056
25/08/2022;FR;France;EURO;0;33250010;0;154056
26/08/2022;FR;France;EURO;0;33250010;0;154056
27/08/2022;FR;France;EURO;0;33250010;0;154056
28/08/2022;FR;France;EURO;117039;33367049;317;154373
29/08/2022;FR;France;EURO;0;33367049;0;154373
30/08/2022;FR;France;EURO;0;33367049;0;154373
31/08/2022;FR;France;EURO;0;33367049;0;154373
1/09/2022;FR;France;EURO;0;33367049;0;154373
2/09/2022;FR;France;EURO;0;33367049;0;154373
3/09/2022;FR;France;EURO;0;33367049;0;154373
4/09/2022;FR;France;EURO;106571;33473620;302;154675
5/09/2022;FR;France;EURO;0;33473620;0;154675
6/09/2022;FR;France;EURO;0;33473620;0;154675
7/09/2022;FR;France;EURO;0;33473620;0;154675
8/09/2022;FR;France;EURO;0;33473620;0;154675
9/09/2022;FR;France;EURO;0;33473620;0;154675
10/09/2022;FR;France;EURO;0;33473620;0;154675
11/09/2022;FR;France;EURO;112374;33585994;263;154938
12/09/2022;FR;France;EURO;0;33585994;0;154938
13/09/2022;FR;France;EURO;0;33585994;0;154938
14/09/2022;FR;France;EURO;0;33585994;0;154938
15/09/2022;FR;France;EURO;0;33585994;0;154938
16/09/2022;FR;France;EURO;0;33585994;0;154938
17/09/2022;FR;France;EURO;0;33585994;0;154938
18/09/2022;FR;France;EURO;188853;33774847;202;155140
19/09/2022;FR;France;EURO;0;33774847;0;155140
20/09/2022;FR;France;EURO;0;33774847;0;155140
21/09/2022;FR;France;EURO;0;33774847;0;155140
22/09/2022;FR;France;EURO;0;33774847;0;155140
23/09/2022;FR;France;EURO;0;33774847;0;155140
24/09/2022;FR;France;EURO;0;33774847;0;155140
25/09/2022;FR;France;EURO;230732;34005579;217;155357
26/09/2022;FR;France;EURO;0;34005579;0;155357
27/09/2022;FR;France;EURO;0;34005579;0;155357
28/09/2022;FR;France;EURO;0;34005579;0;155357
29/09/2022;FR;France;EURO;0;34005579;0;155357
30/09/2022;FR;France;EURO;0;34005579;0;155357
1/10/2022;FR;France;EURO;0;34005579;0;155357
2/10/2022;FR;France;EURO;310114;34315693;217;155574
3/10/2022;FR;France;EURO;0;34315693;0;155574
4/10/2022;FR;France;EURO;0;34315693;0;155574
5/10/2022;FR;France;EURO;0;34315693;0;155574
6/10/2022;FR;France;EURO;0;34315693;0;155574
7/10/2022;FR;France;EURO;0;34315693;0;155574
8/10/2022;FR;France;EURO;0;34315693;0;155574
9/10/2022;FR;France;EURO;385474;34701167;314;155888
10/10/2022;FR;France;EURO;0;34701167;0;155888
11/10/2022;FR;France;EURO;0;34701167;0;155888
12/10/2022;FR;France;EURO;0;34701167;0;155888
13/10/2022;FR;France;EURO;0;34701167;0;155888
14/10/2022;FR;France;EURO;0;34701167;0;155888
15/10/2022;FR;France;EURO;0;34701167;0;155888
16/10/2022;FR;France;EURO;392073;35093240;414;156302
17/10/2022;FR;France;EURO;0;35093240;0;156302
18/10/2022;FR;France;EURO;0;35093240;0;156302
19/10/2022;FR;France;EURO;0;35093240;0;156302
20/10/2022;FR;France;EURO;0;35093240;0;156302
21/10/2022;FR;France;EURO;0;35093240;0;156302
22/10/2022;FR;France;EURO;0;35093240;0;156302
23/10/2022;FR;France;EURO;348646;35441886;522;156824
24/10/2022;FR;France;EURO;0;35441886;0;156824
25/10/2022;FR;France;EURO;0;35441886;0;156824
26/10/2022;FR;France;EURO;0;35441886;0;156824
27/10/2022;FR;France;EURO;0;35441886;0;156824
28/10/2022;FR;France;EURO;0;35441886;0;156824
29/10/2022;FR;France;EURO;0;35441886;0;156824
30/10/2022;FR;France;EURO;222885;35664771;495;157319
31/10/2022;FR;France;EURO;0;35664771;0;157319
1/11/2022;FR;France;EURO;0;35664771;0;157319
2/11/2022;FR;France;EURO;0;35664771;0;157319
3/11/2022;FR;France;EURO;0;35664771;0;157319
4/11/2022;FR;France;EURO;0;35664771;0;157319
5/11/2022;FR;France;EURO;0;35664771;0;157319
6/11/2022;FR;France;EURO;153617;35818388;445;157764
7/11/2022;FR;France;EURO;0;35818388;0;157764
8/11/2022;FR;France;EURO;0;35818388;0;157764
9/11/2022;FR;France;EURO;0;35818388;0;157764
10/11/2022;FR;France;EURO;0;35818388;0;157764
11/11/2022;FR;France;EURO;0;35818388;0;157764
12/11/2022;FR;France;EURO;0;35818388;0;157764
13/11/2022;FR;France;EURO;151055;35969443;397;158161
14/11/2022;FR;France;EURO;0;35969443;0;158161
15/11/2022;FR;France;EURO;0;35969443;0;158161
16/11/2022;FR;France;EURO;0;35969443;0;158161
17/11/2022;FR;France;EURO;0;35969443;0;158161
18/11/2022;FR;France;EURO;0;35969443;0;158161
19/11/2022;FR;France;EURO;0;35969443;0;158161
20/11/2022;FR;France;EURO;221689;36191132;469;158630
21/11/2022;FR;France;EURO;0;36191132;0;158630
22/11/2022;FR;France;EURO;0;36191132;0;158630
23/11/2022;FR;France;EURO;0;36191132;0;158630
24/11/2022;FR;France;EURO;0;36191132;0;158630
25/11/2022;FR;France;EURO;0;36191132;0;158630
26/11/2022;FR;France;EURO;0;36191132;0;158630
27/11/2022;FR;France;EURO;293632;36484764;455;159085
28/11/2022;FR;France;EURO;0;36484764;0;159085
29/11/2022;FR;France;EURO;0;36484764;0;159085
30/11/2022;FR;France;EURO;0;36484764;0;159085
1/12/2022;FR;France;EURO;0;36484764;0;159085
2/12/2022;FR;France;EURO;0;36484764;0;159085
3/12/2022;FR;France;EURO;0;36484764;0;159085
4/12/2022;FR;France;EURO;384070;36868834;485;159570
5/12/2022;FR;France;EURO;0;36868834;0;159570
6/12/2022;FR;France;EURO;0;36868834;0;159570
7/12/2022;FR;France;EURO;0;36868834;0;159570
8/12/2022;FR;France;EURO;0;36868834;0;159570
9/12/2022;FR;France;EURO;0;36868834;0;159570
10/12/2022;FR;France;EURO;0;36868834;0;159570
11/12/2022;FR;France;EURO;429679;37298513;569;160139
12/12/2022;FR;France;EURO;0;37298513;0;160139
13/12/2022;FR;France;EURO;0;37298513;0;160139
14/12/2022;FR;France;EURO;0;37298513;0;160139
15/12/2022;FR;France;EURO;0;37298513;0;160139
16/12/2022;FR;France;EURO;0;37298513;0;160139
17/12/2022;FR;France;EURO;0;37298513;0;160139
18/12/2022;FR;France;EURO;391192;37689705;721;160860
19/12/2022;FR;France;EURO;0;37689705;0;160860
20/12/2022;FR;France;EURO;0;37689705;0;160860
21/12/2022;FR;France;EURO;0;37689705;0;160860
22/12/2022;FR;France;EURO;0;37689705;0;160860
23/12/2022;FR;France;EURO;0;37689705;0;160860
24/12/2022;FR;France;EURO;0;37689705;0;160860
25/12/2022;FR;France;EURO;299842;37989547;807;161667
26/12/2022;FR;France;EURO;0;37989547;0;161667
27/12/2022;FR;France;EURO;0;37989547;0;161667
28/12/2022;FR;France;EURO;0;37989547;0;161667
29/12/2022;FR;France;EURO;0;37989547;0;161667
30/12/2022;FR;France;EURO;0;37989547;0;161667
31/12/2022;FR;France;EURO;0;37989547;0;161667
1/01/2023;FR;France;EURO;151707;38141254;808;162475
2/01/2023;FR;France;EURO;0;38141254;0;162475
3/01/2023;FR;France;EURO;0;38141254;0;162475
4/01/2023;FR;France;EURO;0;38141254;0;162475
5/01/2023;FR;France;EURO;0;38141254;0;162475
6/01/2023;FR;France;EURO;0;38141254;0;162475
7/01/2023;FR;France;EURO;0;38141254;0;162475
8/01/2023;FR;France;EURO;80829;38222083;775;163250
9/01/2023;FR;France;EURO;0;38222083;0;163250
10/01/2023;FR;France;EURO;0;38222083;0;163250
11/01/2023;FR;France;EURO;0;38222083;0;163250
12/01/2023;FR;France;EURO;0;38222083;0;163250
13/01/2023;FR;France;EURO;0;38222083;0;163250
14/01/2023;FR;France;EURO;0;38222083;0;163250
15/01/2023;FR;France;EURO;43524;38265607;506;163756
16/01/2023;FR;France;EURO;0;38265607;0;163756
17/01/2023;FR;France;EURO;0;38265607;0;163756
18/01/2023;FR;France;EURO;0;38265607;0;163756
19/01/2023;FR;France;EURO;0;38265607;0;163756
20/01/2023;FR;France;EURO;0;38265607;0;163756
21/01/2023;FR;France;EURO;0;38265607;0;163756
22/01/2023;FR;France;EURO;31693;38297300;398;164154
23/01/2023;FR;France;EURO;0;38297300;0;164154
24/01/2023;FR;France;EURO;0;38297300;0;164154
25/01/2023;FR;France;EURO;0;38297300;0;164154
26/01/2023;FR;France;EURO;0;38297300;0;164154
27/01/2023;FR;France;EURO;0;38297300;0;164154
28/01/2023;FR;France;EURO;0;38297300;0;164154
29/01/2023;FR;France;EURO;29999;38327299;326;164480
30/01/2023;FR;France;EURO;0;38327299;0;164480
31/01/2023;FR;France;EURO;0;38327299;0;164480
1/02/2023;FR;France;EURO;0;38327299;0;164480
2/02/2023;FR;France;EURO;0;38327299;0;164480
3/02/2023;FR;France;EURO;0;38327299;0;164480
4/02/2023;FR;France;EURO;0;38327299;0;164480
5/02/2023;FR;France;EURO;26127;38353426;260;164740
6/02/2023;FR;France;EURO;0;38353426;0;164740
7/02/2023;FR;France;EURO;0;38353426;0;164740
8/02/2023;FR;France;EURO;0;38353426;0;164740
9/02/2023;FR;France;EURO;0;38353426;0;164740
10/02/2023;FR;France;EURO;0;38353426;0;164740
11/02/2023;FR;France;EURO;0;38353426;0;164740
12/02/2023;FR;France;EURO;22545;38375971;171;164911
13/02/2023;FR;France;EURO;0;38375971;0;164911
14/02/2023;FR;France;EURO;0;38375971;0;164911
15/02/2023;FR;France;EURO;0;38375971;0;164911
16/02/2023;FR;France;EURO;0;38375971;0;164911
17/02/2023;FR;France;EURO;0;38375971;0;164911
18/02/2023;FR;France;EURO;0;38375971;0;164911
19/02/2023;FR;France;EURO;24116;38400087;180;165091
20/02/2023;FR;France;EURO;0;38400087;0;165091
21/02/2023;FR;France;EURO;0;38400087;0;165091
22/02/2023;FR;France;EURO;0;38400087;0;165091
23/02/2023;FR;France;EURO;0;38400087;0;165091
24/02/2023;FR;France;EURO;0;38400087;0;165091
25/02/2023;FR;France;EURO;0;38400087;0;165091
26/02/2023;FR;France;EURO;26274;38426361;170;165261
27/02/2023;FR;France;EURO;0;38426361;0;165261
28/02/2023;FR;France;EURO;0;38426361;0;165261
1/03/2023;FR;France;EURO;0;38426361;0;165261
2/03/2023;FR;France;EURO;0;38426361;0;165261
3/03/2023;FR;France;EURO;0;38426361;0;165261
4/03/2023;FR;France;EURO;0;38426361;0;165261
5/03/2023;FR;France;EURO;25318;38451679;152;165413
6/03/2023;FR;France;EURO;0;38451679;0;165413
7/03/2023;FR;France;EURO;0;38451679;0;165413
8/03/2023;FR;France;EURO;0;38451679;0;165413
9/03/2023;FR;France;EURO;0;38451679;0;165413
10/03/2023;FR;France;EURO;0;38451679;0;165413
11/03/2023;FR;France;EURO;0;38451679;0;165413
12/03/2023;FR;France;EURO;35851;38487530;125;165538
13/03/2023;FR;France;EURO;0;38487530;0;165538
14/03/2023;FR;France;EURO;0;38487530;0;165538
15/03/2023;FR;France;EURO;0;38487530;0;165538
16/03/2023;FR;France;EURO;0;38487530;0;165538
17/03/2023;FR;France;EURO;0;38487530;0;165538
18/03/2023;FR;France;EURO;0;38487530;0;165538
19/03/2023;FR;France;EURO;46305;38533835;163;165701
20/03/2023;FR;France;EURO;0;38533835;0;165701
21/03/2023;FR;France;EURO;0;38533835;0;165701
22/03/2023;FR;France;EURO;0;38533835;0;165701
23/03/2023;FR;France;EURO;0;38533835;0;165701
24/03/2023;FR;France;EURO;0;38533835;0;165701
25/03/2023;FR;France;EURO;0;38533835;0;165701
26/03/2023;FR;France;EURO;54593;38588428;168;165869
27/03/2023;FR;France;EURO;0;38588428;0;165869
28/03/2023;FR;France;EURO;0;38588428;0;165869
29/03/2023;FR;France;EURO;0;38588428;0;165869
30/03/2023;FR;France;EURO;0;38588428;0;165869
31/03/2023;FR;France;EURO;0;38588428;0;165869
1/04/2023;FR;France;EURO;0;38588428;0;165869
2/04/2023;FR;France;EURO;57282;38645710;210;166079
3/04/2023;FR;France;EURO;0;38645710;0;166079
4/04/2023;FR;France;EURO;0;38645710;0;166079
5/04/2023;FR;France;EURO;0;38645710;0;166079
6/04/2023;FR;France;EURO;0;38645710;0;166079
7/04/2023;FR;France;EURO;0;38645710;0;166079
8/04/2023;FR;France;EURO;0;38645710;0;166079
9/04/2023;FR;France;EURO;55344;38701054;188;166267
10/04/2023;FR;France;EURO;0;38701054;0;166267
11/04/2023;FR;France;EURO;0;38701054;0;166267
12/04/2023;FR;France;EURO;0;38701054;0;166267
13/04/2023;FR;France;EURO;0;38701054;0;166267
14/04/2023;FR;France;EURO;0;38701054;0;166267
15/04/2023;FR;France;EURO;0;38701054;0;166267
16/04/2023;FR;France;EURO;52509;38753563;162;166429
17/04/2023;FR;France;EURO;0;38753563;0;166429
18/04/2023;FR;France;EURO;0;38753563;0;166429
19/04/2023;FR;France;EURO;0;38753563;0;166429
20/04/2023;FR;France;EURO;0;38753563;0;166429
21/04/2023;FR;France;EURO;0;38753563;0;166429
22/04/2023;FR;France;EURO;0;38753563;0;166429
23/04/2023;FR;France;EURO;48578;38802141;280;166709
24/04/2023;FR;France;EURO;0;38802141;0;166709
25/04/2023;FR;France;EURO;0;38802141;0;166709
26/04/2023;FR;France;EURO;0;38802141;0;166709
27/04/2023;FR;France;EURO;0;38802141;0;166709
28/04/2023;FR;France;EURO;0;38802141;0;166709
29/04/2023;FR;France;EURO;0;38802141;0;166709
30/04/2023;FR;France;EURO;40443;38842584;249;166958
1/05/2023;FR;France;EURO;0;38842584;0;166958
2/05/2023;FR;France;EURO;0;38842584;0;166958
3/05/2023;FR;France;EURO;0;38842584;0;166958
4/05/2023;FR;France;EURO;0;38842584;0;166958
5/05/2023;FR;France;EURO;0;38842584;0;166958
6/05/2023;FR;France;EURO;0;38842584;0;166958
7/05/2023;FR;France;EURO;31332;38873916;239;167197
8/05/2023;FR;France;EURO;0;38873916;0;167197
9/05/2023;FR;France;EURO;0;38873916;0;167197
10/05/2023;FR;France;EURO;0;38873916;0;167197
11/05/2023;FR;France;EURO;0;38873916;0;167197
12/05/2023;FR;France;EURO;0;38873916;0;167197
13/05/2023;FR;France;EURO;0;38873916;0;167197
14/05/2023;FR;France;EURO;24280;38898196;160;167357
15/05/2023;FR;France;EURO;0;38898196;0;167357
16/05/2023;FR;France;EURO;0;38898196;0;167357
17/05/2023;FR;France;EURO;0;38898196;0;167357
18/05/2023;FR;France;EURO;0;38898196;0;167357
19/05/2023;FR;France;EURO;0;38898196;0;167357
20/05/2023;FR;France;EURO;0;38898196;0;167357
21/05/2023;FR;France;EURO;20650;38918846;132;167489
22/05/2023;FR;France;EURO;0;38918846;0;167489
23/05/2023;FR;France;EURO;0;38918846;0;167489
24/05/2023;FR;France;EURO;0;38918846;0;167489
25/05/2023;FR;France;EURO;0;38918846;0;167489
26/05/2023;FR;France;EURO;0;38918846;0;167489
27/05/2023;FR;France;EURO;0;38918846;0;167489
28/05/2023;FR;France;EURO;25230;38944076;149;167638
29/05/2023;FR;France;EURO;0;38944076;0;167638
30/05/2023;FR;France;EURO;0;38944076;0;167638
31/05/2023;FR;France;EURO;0;38944076;0;167638
1/06/2023;FR;France;EURO;0;38944076;0;167638
2/06/2023;FR;France;EURO;0;38944076;0;167638
3/06/2023;FR;France;EURO;0;38944076;0;167638
4/06/2023;FR;France;EURO;18614;38962690;112;167750
5/06/2023;FR;France;EURO;0;38962690;0;167750
6/06/2023;FR;France;EURO;0;38962690;0;167750
7/06/2023;FR;France;EURO;0;38962690;0;167750
8/06/2023;FR;France;EURO;0;38962690;0;167750
9/06/2023;FR;France;EURO;0;38962690;0;167750
10/06/2023;FR;France;EURO;0;38962690;0;167750
11/06/2023;FR;France;EURO;15618;38978308;106;167856
12/06/2023;FR;France;EURO;0;38978308;0;167856
13/06/2023;FR;France;EURO;0;38978308;0;167856
14/06/2023;FR;France;EURO;0;38978308;0;167856
15/06/2023;FR;France;EURO;0;38978308;0;167856
16/06/2023;FR;France;EURO;0;38978308;0;167856
17/06/2023;FR;France;EURO;0;38978308;0;167856
18/06/2023;FR;France;EURO;11200;38989508;67;167923
19/06/2023;FR;France;EURO;0;38989508;0;167923
20/06/2023;FR;France;EURO;0;38989508;0;167923
21/06/2023;FR;France;EURO;0;38989508;0;167923
22/06/2023;FR;France;EURO;0;38989508;0;167923
23/06/2023;FR;France;EURO;0;38989508;0;167923
24/06/2023;FR;France;EURO;0;38989508;0;167923
25/06/2023;FR;France;EURO;7982;38997490;62;167985
26/06/2023;FR;France;EURO;0;38997490;0;167985
27/06/2023;FR;France;EURO;0;38997490;0;167985
28/06/2023;FR;France;EURO;0;38997490;0;167985
29/06/2023;FR;France;EURO;0;38997490;0;167985
30/06/2023;FR;France;EURO;0;38997490;0;167985
1/07/2023;FR;France;EURO;0;38997490;0;167985
2/07/2023;FR;France;EURO;0;38997490;0;167985
3/07/2023;FR;France;EURO;0;38997490;0;167985
4/07/2023;FR;France;EURO;0;38997490;0;167985
5/07/2023;FR;France;EURO;0;38997490;0;167985
6/07/2023;FR;France;EURO;0;38997490;0;167985
7/07/2023;FR;France;EURO;0;38997490;0;167985
8/07/2023;FR;France;EURO;0;38997490;0;167985
9/07/2023;FR;France;EURO;0;38997490;0;167985
10/07/2023;FR;France;EURO;0;38997490;0;167985
11/07/2023;FR;France;EURO;0;38997490;0;167985
12/07/2023;FR;France;EURO;0;38997490;0;167985
13/07/2023;FR;France;EURO;0;38997490;0;167985
14/07/2023;FR;France;EURO;0;38997490;0;167985
15/07/2023;FR;France;EURO;0;38997490;0;167985
16/07/2023;FR;France;EURO;0;38997490;0;167985
17/07/2023;FR;France;EURO;0;38997490;0;167985
18/07/2023;FR;France;EURO;0;38997490;0;167985
19/07/2023;FR;France;EURO;0;38997490;0;167985
20/07/2023;FR;France;EURO;0;38997490;0;167985
21/07/2023;FR;France;EURO;0;38997490;0;167985
22/07/2023;FR;France;EURO;0;38997490;0;167985
23/07/2023;FR;France;EURO;0;38997490;0;167985
24/07/2023;FR;France;EURO;0;38997490;0;167985
25/07/2023;FR;France;EURO;0;38997490;0;167985
26/07/2023;FR;France;EURO;0;38997490;0;167985
27/07/2023;FR;France;EURO;0;38997490;0;167985
28/07/2023;FR;France;EURO;0;38997490;0;167985
29/07/2023;FR;France;EURO;0;38997490;0;167985
30/07/2023;FR;France;EURO;0;38997490;0;167985
31/07/2023;FR;France;EURO;0;38997490;0;167985
1/08/2023;FR;France;EURO;0;38997490;0;167985
2/08/2023;FR;France;EURO;0;38997490;0;167985
3/08/2023;FR;France;EURO;0;38997490;0;167985
4/08/2023;FR;France;EURO;0;38997490;0;167985
5/08/2023;FR;France;EURO;0;38997490;0;167985
6/08/2023;FR;France;EURO;0;38997490;0;167985
7/08/2023;FR;France;EURO;0;38997490;0;167985
8/08/2023;FR;France;EURO;0;38997490;0;167985
9/08/2023;FR;France;EURO;0;38997490;0;167985
10/08/2023;FR;France;EURO;0;38997490;0;167985
11/08/2023;FR;France;EURO;0;38997490;0;167985
12/08/2023;FR;France;EURO;0;38997490;0;167985
13/08/2023;FR;France;EURO;0;38997490;0;167985
14/08/2023;FR;France;EURO;0;38997490;0;167985
15/08/2023;FR;France;EURO;0;38997490;0;167985
16/08/2023;FR;France;EURO;0;38997490;0;167985
17/08/2023;FR;France;EURO;0;38997490;0;167985
18/08/2023;FR;France;EURO;0;38997490;0;167985
19/08/2023;FR;France;EURO;0;38997490;0;167985
20/08/2023;FR;France;EURO;0;38997490;0;167985
21/08/2023;FR;France;EURO;0;38997490;0;167985
22/08/2023;FR;France;EURO;0;38997490;0;167985
23/08/2023;FR;France;EURO;0;38997490;0;167985
24/08/2023;FR;France;EURO;0;38997490;0;167985
25/08/2023;FR;France;EURO;0;38997490;0;167985
26/08/2023;FR;France;EURO;0;38997490;0;167985
27/08/2023;FR;France;EURO;0;38997490;0;167985
28/08/2023;FR;France;EURO;0;38997490;0;167985
29/08/2023;FR;France;EURO;0;38997490;0;167985
30/08/2023;FR;France;EURO;0;38997490;0;167985
31/08/2023;FR;France;EURO;0;38997490;0;167985
1/09/2023;FR;France;EURO;0;38997490;0;167985
2/09/2023;FR;France;EURO;0;38997490;0;167985
3/09/2023;FR;France;EURO;0;38997490;0;167985
4/09/2023;FR;France;EURO;0;38997490;0;167985
5/09/2023;FR;France;EURO;0;38997490;0;167985
6/09/2023;FR;France;EURO;0;38997490;0;167985
7/09/2023;FR;France;EURO;0;38997490;0;167985
8/09/2023;FR;France;EURO;0;38997490;0;167985
9/09/2023;FR;France;EURO;0;38997490;0;167985
10/09/2023;FR;France;EURO;0;38997490;0;167985
11/09/2023;FR;France;EURO;0;38997490;0;167985
12/09/2023;FR;France;EURO;0;38997490;0;167985
13/09/2023;FR;France;EURO;0;38997490;0;167985
14/09/2023;FR;France;EURO;0;38997490;0;167985
15/09/2023;FR;France;EURO;0;38997490;0;167985
16/09/2023;FR;France;EURO;0;38997490;0;167985
17/09/2023;FR;France;EURO;0;38997490;0;167985
18/09/2023;FR;France;EURO;0;38997490;0;167985
19/09/2023;FR;France;EURO;0;38997490;0;167985
20/09/2023;FR;France;EURO;0;38997490;0;167985
21/09/2023;FR;France;EURO;0;38997490;0;167985
22/09/2023;FR;France;EURO;0;38997490;0;167985
23/09/2023;FR;France;EURO;0;38997490;0;167985
24/09/2023;FR;France;EURO;0;38997490;0;167985
25/09/2023;FR;France;EURO;0;38997490;0;167985
26/09/2023;FR;France;EURO;0;38997490;0;167985
27/09/2023;FR;France;EURO;0;38997490;0;167985
